dataset,iid_type,method,seed,federated_rounds,local_epochs,batch_size,learning_rate,weight_decay,optimizer,scheduler,scheduler_step_size,scheduler_gamma,mse_risk_AlveolarOsteitis,mae_risk_AlveolarOsteitis,ece_prob_risk_AlveolarOsteitis,mse_risk_SecondaryInfection,mae_risk_SecondaryInfection,ece_prob_risk_SecondaryInfection,mse_risk_NerveDysesthesia,mae_risk_NerveDysesthesia,ece_prob_risk_NerveDysesthesia,mse_risk_Bleeding,mae_risk_Bleeding,ece_prob_risk_Bleeding,category_per_client_client_1_accuracy_risk_AlveolarOsteitis,category_per_client_client_1_f1_macro_risk_AlveolarOsteitis,category_per_client_client_1_accuracy_risk_SecondaryInfection,category_per_client_client_1_f1_macro_risk_SecondaryInfection,category_per_client_client_1_accuracy_risk_NerveDysesthesia,category_per_client_client_1_f1_macro_risk_NerveDysesthesia,category_per_client_client_1_accuracy_risk_Bleeding,category_per_client_client_1_f1_macro_risk_Bleeding,category_per_client_client_2_accuracy_risk_AlveolarOsteitis,category_per_client_client_2_f1_macro_risk_AlveolarOsteitis,category_per_client_client_2_accuracy_risk_SecondaryInfection,category_per_client_client_2_f1_macro_risk_SecondaryInfection,category_per_client_client_2_accuracy_risk_NerveDysesthesia,category_per_client_client_2_f1_macro_risk_NerveDysesthesia,category_per_client_client_2_accuracy_risk_Bleeding,category_per_client_client_2_f1_macro_risk_Bleeding,category_per_client_client_3_accuracy_risk_AlveolarOsteitis,category_per_client_client_3_f1_macro_risk_AlveolarOsteitis,category_per_client_client_3_accuracy_risk_SecondaryInfection,category_per_client_client_3_f1_macro_risk_SecondaryInfection,category_per_client_client_3_accuracy_risk_NerveDysesthesia,category_per_client_client_3_f1_macro_risk_NerveDysesthesia,category_per_client_client_3_accuracy_risk_Bleeding,category_per_client_client_3_f1_macro_risk_Bleeding,category_per_client_client_4_accuracy_risk_AlveolarOsteitis,category_per_client_client_4_f1_macro_risk_AlveolarOsteitis,category_per_client_client_4_accuracy_risk_SecondaryInfection,category_per_client_client_4_f1_macro_risk_SecondaryInfection,category_per_client_client_4_accuracy_risk_NerveDysesthesia,category_per_client_client_4_f1_macro_risk_NerveDysesthesia,category_per_client_client_4_accuracy_risk_Bleeding,category_per_client_client_4_f1_macro_risk_Bleeding,category_per_client_client_5_accuracy_risk_AlveolarOsteitis,category_per_client_client_5_f1_macro_risk_AlveolarOsteitis,category_per_client_client_5_accuracy_risk_SecondaryInfection,category_per_client_client_5_f1_macro_risk_SecondaryInfection,category_per_client_client_5_accuracy_risk_NerveDysesthesia,category_per_client_client_5_f1_macro_risk_NerveDysesthesia,category_per_client_client_5_accuracy_risk_Bleeding,category_per_client_client_5_f1_macro_risk_Bleeding,category_per_client_client_6_accuracy_risk_AlveolarOsteitis,category_per_client_client_6_f1_macro_risk_AlveolarOsteitis,category_per_client_client_6_accuracy_risk_SecondaryInfection,category_per_client_client_6_f1_macro_risk_SecondaryInfection,category_per_client_client_6_accuracy_risk_NerveDysesthesia,category_per_client_client_6_f1_macro_risk_NerveDysesthesia,category_per_client_client_6_accuracy_risk_Bleeding,category_per_client_client_6_f1_macro_risk_Bleeding,category_per_client_client_7_accuracy_risk_AlveolarOsteitis,category_per_client_client_7_f1_macro_risk_AlveolarOsteitis,category_per_client_client_7_accuracy_risk_SecondaryInfection,category_per_client_client_7_f1_macro_risk_SecondaryInfection,category_per_client_client_7_accuracy_risk_NerveDysesthesia,category_per_client_client_7_f1_macro_risk_NerveDysesthesia,category_per_client_client_7_accuracy_risk_Bleeding,category_per_client_client_7_f1_macro_risk_Bleeding,category_per_client_client_8_accuracy_risk_AlveolarOsteitis,category_per_client_client_8_f1_macro_risk_AlveolarOsteitis,category_per_client_client_8_accuracy_risk_SecondaryInfection,category_per_client_client_8_f1_macro_risk_SecondaryInfection,category_per_client_client_8_accuracy_risk_NerveDysesthesia,category_per_client_client_8_f1_macro_risk_NerveDysesthesia,category_per_client_client_8_accuracy_risk_Bleeding,category_per_client_client_8_f1_macro_risk_Bleeding,category_per_client_client_9_accuracy_risk_AlveolarOsteitis,category_per_client_client_9_f1_macro_risk_AlveolarOsteitis,category_per_client_client_9_accuracy_risk_SecondaryInfection,category_per_client_client_9_f1_macro_risk_SecondaryInfection,category_per_client_client_9_accuracy_risk_NerveDysesthesia,category_per_client_client_9_f1_macro_risk_NerveDysesthesia,category_per_client_client_9_accuracy_risk_Bleeding,category_per_client_client_9_f1_macro_risk_Bleeding,category_per_client_client_10_accuracy_risk_AlveolarOsteitis,category_per_client_client_10_f1_macro_risk_AlveolarOsteitis,category_per_client_client_10_accuracy_risk_SecondaryInfection,category_per_client_client_10_f1_macro_risk_SecondaryInfection,category_per_client_client_10_accuracy_risk_NerveDysesthesia,category_per_client_client_10_f1_macro_risk_NerveDysesthesia,category_per_client_client_10_accuracy_risk_Bleeding,category_per_client_client_10_f1_macro_risk_Bleeding,category_per_client_accuracy_risk_AlveolarOsteitis,category_per_client_f1_macro_risk_AlveolarOsteitis,category_per_client_accuracy_risk_SecondaryInfection,category_per_client_f1_macro_risk_SecondaryInfection,category_per_client_accuracy_risk_NerveDysesthesia,category_per_client_f1_macro_risk_NerveDysesthesia,category_per_client_accuracy_risk_Bleeding,category_per_client_f1_macro_risk_Bleeding,consistency_per_client/patient_disagreement_risk_AlveolarOsteitis,consistency_per_client/fleiss_kappa_risk_AlveolarOsteitis,consistency_per_client/patient_disagreement_risk_SecondaryInfection,consistency_per_client/fleiss_kappa_risk_SecondaryInfection,consistency_per_client/patient_disagreement_risk_NerveDysesthesia,consistency_per_client/fleiss_kappa_risk_NerveDysesthesia,consistency_per_client/patient_disagreement_risk_Bleeding,consistency_per_client/fleiss_kappa_risk_Bleeding,consistency_per_client/patient_disagreement_macro,consistency_per_client/fleiss_kappa_macro,category_global_accuracy_risk_AlveolarOsteitis,category_global_f1_macro_risk_AlveolarOsteitis,category_global_accuracy_risk_SecondaryInfection,category_global_f1_macro_risk_SecondaryInfection,category_global_accuracy_risk_NerveDysesthesia,category_global_f1_macro_risk_NerveDysesthesia,category_global_accuracy_risk_Bleeding,category_global_f1_macro_risk_Bleeding,consistency_global/patient_disagreement_risk_AlveolarOsteitis,consistency_global/fleiss_kappa_risk_AlveolarOsteitis,consistency_global/patient_disagreement_risk_SecondaryInfection,consistency_global/fleiss_kappa_risk_SecondaryInfection,consistency_global/patient_disagreement_risk_NerveDysesthesia,consistency_global/fleiss_kappa_risk_NerveDysesthesia,consistency_global/patient_disagreement_risk_Bleeding,consistency_global/fleiss_kappa_risk_Bleeding,consistency_global/patient_disagreement_macro,consistency_global/fleiss_kappa_macro,f1_global_macro,f1_per_client_macro,mse_macro,ece_macro
A,non-iid,fedavg,42,1,1,32,0.001,0.0001,Adam,StepLR,10,0.5,0.007097218185663223,0.07740501314401627,0.07359369061887264,0.006605740636587143,0.07289998233318329,0.0666029398366809,0.005663708783686161,0.07095248252153397,0.07092239161829153,0.00538602052256465,0.06769729405641556,0.06769729053725798,0.6696666666666666,0.6738946173281919,0.5763333333333334,0.5727235654689645,0.44266666666666665,0.4411699052047638,0.47433333333333333,0.46592365829016086,0.662,0.6627116478782938,0.578,0.572670731550212,0.44333333333333336,0.44467590119740824,0.4723333333333333,0.466553186101965,0.6076666666666667,0.5763362256714721,0.5546666666666666,0.5385387827868118,0.4266666666666667,0.42312529443962327,0.48733333333333334,0.4673180082977204,0.5986666666666667,0.5581033393183307,0.5723333333333334,0.5648820923174233,0.429,0.42545665509293346,0.4696666666666667,0.46755620239584766,0.63,0.6181324137062191,0.5703333333333334,0.5595246282613556,0.436,0.43443509121057805,0.476,0.46652916262768745,0.628,0.5954761236569748,0.549,0.5231974048587262,0.422,0.41686517187601574,0.485,0.4593148514139956,0.6433333333333333,0.639741400374335,0.5733333333333334,0.5743895178236292,0.46166666666666667,0.46254274952583735,0.4696666666666667,0.46745455531217334,0.593,0.5703414440860661,0.5653333333333334,0.5509382150269965,0.42866666666666664,0.42390254930736276,0.48533333333333334,0.46942374733874354,0.5576666666666666,0.5344221259507692,0.5536666666666666,0.5369377884801422,0.4266666666666667,0.4196703113519189,0.48933333333333334,0.47121227146252204,0.6243333333333333,0.6162120443001357,0.5783333333333334,0.5736262531244983,0.44133333333333336,0.44261607495171745,0.477,0.46704191665240535,0.6214333333333333,0.6090052194701915,0.5671333333333334,0.5577665226968335,0.4358,0.4345154874247088,0.4786,0.46801593846832823,0.5733333333333334,0.7044020497049376,0.4146666666666667,0.8184563539459034,0.38233333333333336,0.8235405126809723,0.363,0.8266031943585074,0.43333333333333335,0.7932505276725802,0.346,0.20157613978633646,0.36433333333333334,0.19656232120342731,0.33766666666666667,0.1682864025251267,0.411,0.19418851878100638,0.0,1.0,0.0,1.0,0.0,1.0,0.0,1.0,0.0,1.0,0.19015334557397423,0.5173257920150155,0.006188172032125294,0.06970407815277577
A,non-iid,fedavg,42,1,3,32,0.001,0.0001,Adam,StepLR,10,0.5,0.0037243086844682693,0.051903631538152695,0.04548817800730466,0.002145252423360944,0.033562809228897095,0.023549119195590416,0.00030197403975762427,0.013469039462506771,0.012494340300559998,0.0002295203012181446,0.011680780909955502,0.011402874361413221,0.6636666666666666,0.6700384106159554,0.6923333333333334,0.6935962383724082,0.6,0.6047815966873903,0.6223333333333333,0.6244646539282933,0.6496666666666666,0.6551750571173262,0.706,0.7063715744573466,0.601,0.6027725167077773,0.6536666666666666,0.6516758963869672,0.5953333333333334,0.5565362756278771,0.6653333333333333,0.6443613016826567,0.5586666666666666,0.5333764463949496,0.672,0.6428735920203569,0.603,0.5681724716052151,0.692,0.6628907883261141,0.572,0.5468791437115784,0.6663333333333333,0.6356306232228789,0.6216666666666667,0.6095724062028157,0.7133333333333334,0.7054573136635408,0.5923333333333334,0.5868927575888404,0.6676666666666666,0.6561067276592109,0.595,0.5438038716893149,0.686,0.6650012256339537,0.544,0.5157782151831519,0.6673333333333333,0.6261581885607584,0.634,0.6247415545370743,0.624,0.6158818278778564,0.5766666666666667,0.5693243672319996,0.5516666666666666,0.5372184916798202,0.608,0.5748726291256666,0.7066666666666667,0.6914308928225642,0.583,0.5619671284103739,0.671,0.6450111707098088,0.5506666666666666,0.5307011108005878,0.6746666666666666,0.6624769547754693,0.549,0.5371918924641778,0.6583333333333333,0.6393571565174233,0.6226666666666667,0.6178846014520629,0.712,0.7087593897154502,0.595,0.5936745211319862,0.665,0.6595562772205398,0.6143666666666666,0.6022230206231717,0.6872333333333334,0.6778552129434382,0.5771666666666667,0.56971938237615,0.6495333333333333,0.6346182584077562,0.627,0.6804467702325595,0.5676666666666667,0.7323800847296779,0.58,0.7160209701038753,0.574,0.7295352053838349,0.5871666666666666,0.7145957576124868,0.44366666666666665,0.373242524972726,0.524,0.4705078648575392,0.3473333333333333,0.20039571589679736,0.426,0.24313109339764896,0.0,1.0,0.0,1.0,0.0,1.0,0.0,1.0,0.0,1.0,0.32181929978117785,0.6211039685876291,0.0016002638622012455,0.023233627966217075
A,non-iid,fedavg,42,1,5,32,0.001,0.0001,Adam,StepLR,10,0.5,0.002643959131091833,0.042631153017282486,0.03469160108144085,0.001534002018161118,0.02818296290934086,0.020831743771831196,0.00011410057777538896,0.007804093882441521,0.005933928373269737,0.00022204780543688685,0.011591292917728424,0.011340092620812356,0.692,0.6978079420199242,0.745,0.7455219045598681,0.6546666666666666,0.6582662347786137,0.6656666666666666,0.6674100999139378,0.686,0.6914734414668824,0.7533333333333333,0.7539780466497111,0.6383333333333333,0.640131245002659,0.6863333333333334,0.6826295780631298,0.6113333333333333,0.5705538770814901,0.664,0.634544989140801,0.574,0.5402391074691455,0.6863333333333334,0.6510684703552073,0.6086666666666667,0.5590776152924767,0.6933333333333334,0.6449765214215932,0.5936666666666667,0.558922911157679,0.6813333333333333,0.636885352238371,0.6503333333333333,0.6364402166247664,0.7386666666666667,0.7286103979002988,0.6146666666666667,0.603637756275599,0.688,0.6717283252775043,0.6126666666666667,0.5648926306309233,0.6946666666666667,0.666707476268323,0.562,0.5389140771838522,0.676,0.6348750833878062,0.6346666666666667,0.6236368271561435,0.66,0.6543844546728254,0.624,0.6174138656864281,0.5773333333333334,0.5652379000005753,0.6143333333333333,0.5798201271540584,0.7186666666666667,0.6942641773134003,0.59,0.5628033207752524,0.688,0.6511240573116656,0.5483333333333333,0.5247958104242013,0.6803333333333333,0.6648090881783774,0.5493333333333333,0.5329460919144666,0.671,0.6437443809180278,0.6536666666666666,0.6485265515625537,0.7423333333333333,0.7359244303366531,0.6113333333333333,0.6047268727591077,0.688,0.6811143285054057,0.6312,0.6178471199005497,0.7090333333333333,0.6966230139210542,0.6012,0.5908190137377655,0.6708,0.6523423433034715,0.635,0.6634785204309515,0.5776666666666667,0.7033056373504084,0.614,0.6910245980373244,0.5943333333333334,0.6996859650884163,0.6052500000000001,0.6893736802267753,0.5113333333333333,0.46741380402749205,0.5593333333333333,0.5141772260331333,0.383,0.2729061919107186,0.4196666666666667,0.23096069696416413,0.0,1.0,0.0,1.0,0.0,1.0,0.0,1.0,0.0,1.0,0.37136447973387704,0.6394078727157102,0.0011285273831163067,0.018199341461838534
A,non-iid,fedavg,42,1,10,32,0.001,0.0001,Adam,StepLR,10,0.5,0.0021099201403558254,0.03846444562077522,0.026528134045501552,0.0012208668049424887,0.02445278875529766,0.014053722905615965,8.733836148167029e-05,0.006470308173447847,0.004334114863226811,0.0004599193052854389,0.01753377355635166,0.017391984689980745,0.716,0.7225639929831674,0.7426666666666667,0.7425814454025962,0.6693333333333333,0.6738563439477719,0.633,0.6348473208639711,0.7053333333333334,0.7117531231429409,0.7463333333333333,0.7472976078364155,0.6593333333333333,0.6622481003548005,0.6416666666666667,0.6395721116119396,0.6296666666666667,0.5939735492262952,0.6636666666666666,0.6328570324226911,0.585,0.5475819243877664,0.6673333333333333,0.6302732339598637,0.6273333333333333,0.5877428654278833,0.7226666666666667,0.6984771757449356,0.6153333333333333,0.5988452200766589,0.6573333333333333,0.628607293600989,0.68,0.6705906289326059,0.747,0.7385870982151898,0.6276666666666667,0.6160802765291923,0.661,0.6415101054567959,0.6286666666666667,0.5935810676970874,0.6903333333333334,0.6730905404628843,0.5856666666666667,0.5667535452524474,0.662,0.6129730571103247,0.64,0.6299430039493883,0.6546666666666666,0.6489217578464387,0.6313333333333333,0.6242994458624005,0.5476666666666666,0.5353761276980001,0.631,0.6034608151739252,0.709,0.6784028077449116,0.605,0.5759000085097085,0.664,0.6321105322044699,0.552,0.5284850135578929,0.6766666666666666,0.6606805792918619,0.5466666666666666,0.526704579242425,0.6643333333333333,0.640831468622909,0.6693333333333333,0.6668893471196577,0.7466666666666667,0.742003842045284,0.623,0.6161810493360904,0.651,0.6434797663386402,0.6479333333333334,0.6382319134109385,0.7099666666666666,0.699267336087548,0.6148333333333333,0.6054741116980336,0.6449333333333334,0.6272795716275097,0.63,0.6667544028570059,0.5646666666666667,0.7120886008917952,0.6133333333333333,0.7002447665939131,0.5813333333333334,0.7232955233865838,0.5973333333333333,0.7005958234323245,0.5323333333333333,0.48819168678422037,0.5566666666666666,0.4981070583546067,0.415,0.30923385528762676,0.41133333333333333,0.19711678708320612,0.0,1.0,0.0,1.0,0.0,1.0,0.0,1.0,0.0,1.0,0.373162346877415,0.6425632332060074,0.0009695111530163558,0.015576989126081268
A,non-iid,fedavg,42,1,15,32,0.001,0.0001,Adam,StepLR,10,0.5,0.0025680363178253174,0.041833072900772095,0.035066981777548786,0.0011170287616550922,0.022799747064709663,0.014069038517773151,7.921858923509717e-05,0.0056078326888382435,0.003256768489256501,0.00029191639623604715,0.01345602422952652,0.013230420772607127,0.7046666666666667,0.712260308261078,0.77,0.7708534729729082,0.6926666666666667,0.6973793271068572,0.6566666666666666,0.6575688559737126,0.7043333333333334,0.7103941735776269,0.7653333333333333,0.7666896490725822,0.686,0.6892927793573151,0.6683333333333333,0.6659946591817949,0.64,0.6078276549968552,0.6896666666666667,0.6581394340787375,0.603,0.5721496352458962,0.6846666666666666,0.6429590678960357,0.6226666666666667,0.582487466229792,0.706,0.6605720796721873,0.6073333333333333,0.5849467974005574,0.6883333333333334,0.6526264104328493,0.6676666666666666,0.6549680949670947,0.7653333333333333,0.7573202873672371,0.6413333333333333,0.6294337674593543,0.6833333333333333,0.6606977625754712,0.6193333333333333,0.5642732510288065,0.6716666666666666,0.6320324592670832,0.5856666666666667,0.5553366444185909,0.6713333333333333,0.6132384802971783,0.6366666666666667,0.6250133721147423,0.666,0.6585923567648295,0.6466666666666666,0.6402220414523386,0.5626666666666666,0.5489718488641508,0.6403333333333333,0.6099288983651326,0.729,0.7000065198208251,0.6063333333333333,0.5777503831516061,0.6856666666666666,0.6455522581511904,0.5416666666666666,0.5154732258213822,0.6826666666666666,0.667004259691964,0.5406666666666666,0.5168954555781733,0.6783333333333333,0.6529763962227939,0.6713333333333333,0.669642744214769,0.7593333333333333,0.7539720033823283,0.634,0.6277990001585457,0.6806666666666666,0.669547435672774,0.6448666666666667,0.6336688802903514,0.7205,0.707879496283382,0.6243666666666666,0.6143402197056925,0.666,0.6451566301015027,0.632,0.6618178058891991,0.5733333333333334,0.7058103978285057,0.617,0.6931893985630648,0.5836666666666667,0.719167010451702,0.6015,0.6949961531831178,0.5163333333333333,0.4710834151104919,0.6103333333333333,0.5743735265970739,0.4703333333333333,0.3920573409856227,0.4116666666666667,0.2045342546279523,0.0,1.0,0.0,1.0,0.0,1.0,0.0,1.0,0.0,1.0,0.4105121343302852,0.6502613065952322,0.0010140500162378885,0.01640580238929639
A,non-iid,fedavg,42,3,1,32,0.001,0.0001,Adam,StepLR,10,0.5,0.001766804838553071,0.033435966819524765,0.026717539846897127,0.0011389371939003468,0.02385150082409382,0.016347461705406505,0.00010455155279487371,0.0070724282413721085,0.004626082256436348,0.00011710321996361017,0.007448905147612095,0.006527792662382126,0.7516666666666667,0.7559205312731705,0.7483333333333333,0.7496187551253763,0.5973333333333334,0.6021656020841689,0.606,0.6017174193671248,0.748,0.750073485403196,0.7426666666666667,0.7413237820750735,0.5963333333333334,0.5991420035588172,0.6096666666666667,0.6059743675898644,0.6706666666666666,0.6413227528109526,0.6793333333333333,0.6554772825037539,0.5533333333333333,0.534371587925883,0.617,0.5942617885295,0.6536666666666666,0.6072346151695941,0.6773333333333333,0.6249743427038793,0.5603333333333333,0.5533878064637203,0.6166666666666667,0.6042994314661425,0.7063333333333334,0.6962035749615308,0.719,0.7065792996590892,0.585,0.5788473819735175,0.6176666666666667,0.5995165949223269,0.6766666666666666,0.6602114726776652,0.697,0.670839137512177,0.559,0.5445707877692124,0.619,0.5817043967748886,0.685,0.6811835174105476,0.6946666666666667,0.6915060590996776,0.5713333333333334,0.5660316767668653,0.5546666666666666,0.5472416144399567,0.6486666666666666,0.6201952644316212,0.7006666666666667,0.6775591612546815,0.5486666666666666,0.5259821092243627,0.6166666666666667,0.5870309975486783,0.5856666666666667,0.5663039331725543,0.64,0.6204530115929141,0.5306666666666666,0.5132535583210445,0.6126666666666667,0.5860626031659867,0.688,0.6825620498282482,0.7156666666666667,0.7031548456970923,0.5756666666666667,0.5726710577958776,0.617,0.6051266493156945,0.6814333333333333,0.6717132358536907,0.7014666666666667,0.6885392078908691,0.5677666666666666,0.5620470689970982,0.6087,0.5933318959088907,0.611,0.6943621220583418,0.5703333333333334,0.7461774689900453,0.5783333333333334,0.7205454216485143,0.553,0.7628001886901283,0.5781666666666667,0.7309713003467574,0.6243333333333333,0.6087827456912693,0.5906666666666667,0.5594360509654225,0.43133333333333335,0.3460303366575159,0.5633333333333334,0.5035017217884302,0.0,1.0,0.0,1.0,0.0,1.0,0.0,1.0,0.0,1.0,0.5044377137756595,0.6289078521626372,0.0007818492013029754,0.013554719117780526
A,non-iid,fedavg,42,3,3,32,0.001,0.0001,Adam,StepLR,10,0.5,0.0020034334156662226,0.03368641063570976,0.02597933253645897,0.0011049751192331314,0.02133999578654766,0.012298097980519136,7.060255302349105e-05,0.005209381226450205,0.003134975902891407,4.666118911700323e-05,0.004245002754032612,0.0019177654758095741,0.7163333333333334,0.7226704079498875,0.7283333333333334,0.7275671938628551,0.6763333333333333,0.6818558099644774,0.6096666666666667,0.6081826623995564,0.711,0.7145456014944398,0.7253333333333334,0.7251269573603079,0.6726666666666666,0.6767480363047955,0.626,0.6255194945444025,0.6246666666666667,0.5846812986289716,0.6796666666666666,0.6586425155213941,0.5973333333333334,0.5733238534418356,0.648,0.628002412088538,0.6276666666666667,0.5716361526489324,0.703,0.6668961245894551,0.6163333333333333,0.586173165455079,0.6476666666666666,0.6292581222375049,0.6643333333333333,0.6499204548896819,0.7226666666666667,0.7155003553777299,0.6463333333333333,0.6406377921162356,0.6413333333333333,0.6325575705671359,0.6336666666666667,0.586739704123703,0.6796666666666666,0.6532265258460427,0.5983333333333334,0.5750114192045149,0.649,0.6270553154610519,0.6696666666666666,0.6605646068220866,0.6586666666666666,0.6536406362119842,0.6336666666666667,0.628315608063271,0.5453333333333333,0.5329711321705856,0.6343333333333333,0.6026505906707904,0.6953333333333334,0.6704492058492469,0.6073333333333333,0.5904233470231838,0.6546666666666666,0.6274503115401214,0.57,0.54915513899122,0.6713333333333333,0.6557379341092449,0.5936666666666667,0.5843761354223288,0.65,0.6307926598659935,0.655,0.6477671187475816,0.72,0.7145001129088681,0.6503333333333333,0.6468860708450946,0.634,0.6308709936912027,0.6506666666666666,0.6374739675791606,0.6984,0.6871368730397709,0.6292333333333333,0.6221742079705188,0.6305666666666667,0.6188702795221163,0.6116666666666667,0.6805169113727139,0.5823333333333334,0.72365698731242,0.6,0.6901512820705703,0.5266666666666666,0.7554194716462517,0.5801666666666667,0.712436163100489,0.639,0.6334879817778577,0.7133333333333334,0.7014831092778421,0.5723333333333334,0.5553953514411863,0.6506666666666666,0.6358120656990033,0.0,1.0,0.0,1.0,0.0,1.0,0.0,1.0,0.0,1.0,0.6315446270489723,0.6414138320278917,0.0008064180692599621,0.01083254297391977
A,non-iid,fedavg,42,3,5,32,0.001,0.0001,Adam,StepLR,10,0.5,0.0013047250686213374,0.02641659788787365,0.003371369738131762,0.0008793107699602842,0.01869797706604004,0.010879132315516472,4.496389738051221e-05,0.003474063239991665,0.0008250777618959545,4.9762758862925693e-05,0.004269852768629789,0.0021425308659672737,0.7153333333333334,0.7228667691935716,0.757,0.7562608611252274,0.7096666666666667,0.7143865295152708,0.6323333333333333,0.6303287525300441,0.7083333333333334,0.7147447606321933,0.7586666666666667,0.7592144686726489,0.7043333333333334,0.7088172987349689,0.635,0.634044534668238,0.6343333333333333,0.6004662077931958,0.69,0.667232442343407,0.6256666666666667,0.6064052748957319,0.667,0.6453585834409005,0.6406666666666667,0.589303448957374,0.7243333333333334,0.6977768262460562,0.6483333333333333,0.6379686176079523,0.6613333333333333,0.6367017133790537,0.665,0.6502059913686485,0.7413333333333333,0.7303821675603959,0.6763333333333333,0.6672963511606217,0.6556666666666666,0.6433999248450711,0.6186666666666667,0.5694207303623018,0.702,0.6802269632283213,0.6006666666666667,0.5644028544557327,0.6483333333333333,0.604425423753913,0.6536666666666666,0.6421595611297852,0.681,0.675800506125003,0.6436666666666667,0.6370021829461364,0.5646666666666667,0.5530641755650222,0.6346666666666667,0.6015120676375407,0.7086666666666667,0.6759661908125217,0.6356666666666667,0.6210603974773656,0.6596666666666666,0.6388616851745054,0.5503333333333333,0.525322387793413,0.6863333333333334,0.6701389429624184,0.6026666666666667,0.5861139345544545,0.668,0.651558388280724,0.6633333333333333,0.6589958266500072,0.7466666666666667,0.7405898808945962,0.6776666666666666,0.6732881990768033,0.6396666666666667,0.6393288458564707,0.6484333333333333,0.6361843120366845,0.7196,0.7079933638282202,0.6524666666666666,0.6451430520514032,0.6431666666666667,0.6298458838895824,0.6096666666666667,0.6643192490338665,0.5573333333333333,0.7319896210757357,0.5986666666666667,0.6797932427142862,0.5456666666666666,0.7564743150173773,0.5778333333333333,0.7081441069603165,0.714,0.7212990139935606,0.748,0.740995031426297,0.701,0.7082159978045578,0.6586666666666666,0.6482210836014629,0.0,1.0,0.0,1.0,0.0,1.0,0.0,1.0,0.0,1.0,0.7046827817064696,0.6547916529514726,0.0005696906237062649,0.004304527670377865
A,non-iid,fedavg,42,3,10,32,0.001,0.0001,Adam,StepLR,10,0.5,0.0010763495229184628,0.021800899878144264,0.009627733745922644,0.0006511224783025682,0.015897274017333984,0.009811048181106646,3.782249041250907e-05,0.0029940051026642323,0.0018741317576107881,3.4547887480584905e-05,0.003501603379845619,0.0012762267142534256,0.767,0.7729086781178172,0.734,0.7350831473548046,0.766,0.7701827814621222,0.6793333333333333,0.676250577231906,0.7613333333333333,0.765382188923646,0.741,0.7412026727681514,0.7536666666666667,0.7570388178168003,0.683,0.6803726830908033,0.665,0.628819288437278,0.654,0.6224639194060573,0.6383333333333333,0.6120610333349065,0.66,0.6269311263933934,0.658,0.6143082010886461,0.7096666666666667,0.6831039760192811,0.6653333333333333,0.6554043315875551,0.6663333333333333,0.6389048703291104,0.715,0.7032465051280073,0.7186666666666667,0.7074076282524847,0.6863333333333334,0.6735203820720335,0.6706666666666666,0.6547934011857661,0.646,0.6064394150128716,0.6726666666666666,0.6561556863814308,0.5886666666666667,0.5584084550417963,0.6606666666666666,0.6194721125154486,0.6753333333333333,0.6681633876135055,0.6786666666666666,0.6734840085867232,0.688,0.6830324940174265,0.6126666666666667,0.6039528988775874,0.6533333333333333,0.6276414146629743,0.6683333333333333,0.6248843695054901,0.6256666666666667,0.6035212057623496,0.6606666666666666,0.6237530278916358,0.5663333333333334,0.5445741500830948,0.6573333333333333,0.6387555337130061,0.6063333333333333,0.5884423007789626,0.6506666666666666,0.6296064229169049,0.703,0.6996128940485801,0.7273333333333334,0.7199907176739838,0.6846666666666666,0.6763070755479346,0.6796666666666666,0.6703836284716657,0.6810333333333334,0.6707271860475497,0.6961666666666667,0.6841881422081757,0.6703,0.662388223489141,0.6623666666666667,0.6455092262416037,0.6143333333333333,0.6710815312679,0.5746666666666667,0.6973172712062755,0.602,0.6739348785222719,0.577,0.750222941755305,0.592,0.6981391556879382,0.753,0.7554963436635059,0.7026666666666667,0.7006025261117707,0.7506666666666667,0.754021652031986,0.6836666666666666,0.6813883158544121,0.0,1.0,0.0,1.0,0.0,1.0,0.0,1.0,0.0,1.0,0.7228772094154187,0.6657031944966175,0.00044996059477853123,0.0056472850997233755
A,non-iid,fedavg,42,3,15,32,0.001,0.0001,Adam,StepLR,10,0.5,0.0011734836734831333,0.024180270731449127,0.00844042275349299,0.0007368270307779312,0.01667770929634571,0.0076136040352284915,4.312943565309979e-05,0.0031851388048380613,0.00041069335474943117,3.242117236368358e-05,0.0033903445582836866,0.00043547945097088814,0.7333333333333333,0.7402157573726201,0.751,0.7525149406044108,0.7563333333333333,0.7615132571128121,0.6753333333333333,0.6716705908059586,0.727,0.7316815085873611,0.7463333333333333,0.7448226430586766,0.7496666666666667,0.7528484463971526,0.673,0.6707709380763273,0.6473333333333333,0.6095086538186613,0.6756666666666666,0.6491581774594067,0.6543333333333333,0.632934462863307,0.6646666666666666,0.6343371456267136,0.6533333333333333,0.619993136607087,0.7046666666666667,0.6750397220267507,0.6643333333333333,0.6541226415264284,0.6613333333333333,0.6334617312071181,0.6966666666666667,0.6849075435265175,0.733,0.7224642362922622,0.6943333333333334,0.6838975287927274,0.6703333333333333,0.6566743802366884,0.637,0.5873245256157898,0.67,0.6481862695582615,0.5943333333333334,0.5652522500574554,0.6673333333333333,0.6415709332985574,0.6673333333333333,0.6601062578725017,0.6886666666666666,0.6835952868296101,0.6846666666666666,0.6805410891152706,0.6073333333333333,0.6008916456424194,0.641,0.6123868072955565,0.6866666666666666,0.6543680512412103,0.6373333333333333,0.6207899669338274,0.662,0.6219580430981106,0.5646666666666667,0.5432493215486226,0.659,0.6404672900799068,0.5953333333333334,0.5748623436561828,0.6296666666666667,0.606476096532606,0.6843333333333333,0.6798105069529803,0.738,0.7312669248821982,0.689,0.6822733886518652,0.6723333333333333,0.6665414939879362,0.6652,0.6548321079896418,0.7053,0.6935796378172161,0.6719666666666667,0.6651034565135969,0.6583333333333333,0.6432161667832125,0.6123333333333333,0.6783617481483152,0.5573333333333333,0.7297249821215387,0.5963333333333334,0.6848243989443615,0.5886666666666667,0.7534727037052423,0.5886666666666667,0.7115959582298644,0.7333333333333333,0.7352722311130558,0.7356666666666667,0.7297934743582754,0.7543333333333333,0.7558030811503699,0.6743333333333333,0.6720524813510949,0.0,1.0,0.0,1.0,0.0,1.0,0.0,1.0,0.0,1.0,0.723230316993199,0.6641828422759167,0.000496465328069462,0.004225049898610451
A,non-iid,fedavg,42,6,1,32,0.001,0.0001,Adam,StepLR,10,0.5,0.0018436198588460684,0.03273041918873787,0.025679457286993664,0.000873820623382926,0.020065559074282646,0.013202021428694328,7.059463678160682e-05,0.004956754855811596,0.0027174840754208463,0.000110701730591245,0.006565808784216642,0.005158078517764807,0.7583333333333333,0.7631650647697642,0.766,0.7679756273920965,0.6696666666666666,0.6772023823377484,0.616,0.6146517053132483,0.7543333333333333,0.7568668433496399,0.7613333333333333,0.7610423325589831,0.6703333333333333,0.6756042365217366,0.6183333333333333,0.6142997816661931,0.69,0.6669930807982559,0.694,0.6699532562843253,0.604,0.5729488700468329,0.626,0.6033439437758852,0.6973333333333334,0.672682018599593,0.719,0.6948730869508314,0.5996666666666667,0.5533927982978065,0.6253333333333333,0.6063896055992486,0.7326666666666667,0.723065758237538,0.7473333333333333,0.7396784094771558,0.632,0.6246032900580819,0.623,0.6073124042887057,0.7026666666666667,0.6797670927174971,0.711,0.6913975042855561,0.5916666666666667,0.5751855990792791,0.6163333333333333,0.579437292351523,0.686,0.6807649748205558,0.699,0.6946704922875608,0.6276666666666667,0.6209480598722509,0.562,0.5519932505877297,0.6756666666666666,0.6505339917493979,0.7066666666666667,0.6856851623918714,0.5993333333333334,0.5712887920770617,0.6176666666666667,0.5868803788598683,0.59,0.5713845424824086,0.6473333333333333,0.6301856708703456,0.5716666666666667,0.5516504654487887,0.603,0.5778043104103866,0.7063333333333334,0.6993179169909453,0.7436666666666667,0.73620354572541,0.619,0.61327526279453,0.6246666666666667,0.6138576259963994,0.6993333333333334,0.6911347939903424,0.7195333333333334,0.7105707370850914,0.6185,0.6098274542888374,0.6132333333333333,0.5978686841297977,0.616,0.7121697959646204,0.5853333333333334,0.7555053363526201,0.603,0.6773878406978404,0.555,0.774442984242566,0.5898333333333333,0.7298764893144118,0.674,0.6670584061678255,0.665,0.6507637677796959,0.5503333333333333,0.5205642747103975,0.5963333333333334,0.5677460153595736,0.0,1.0,0.0,1.0,0.0,1.0,0.0,1.0,0.0,1.0,0.6015331160043731,0.6523504173735173,0.0007246842124004615,0.011689260327218412
A,non-iid,fedavg,42,6,3,32,0.001,0.0001,Adam,StepLR,10,0.5,0.0015074850525707006,0.028358129784464836,0.01765357766052087,0.0008316549356095493,0.018530787900090218,0.011684052606423695,8.264678035629913e-05,0.004646526649594307,0.003095394605460266,3.871001536026597e-05,0.0035855593159794807,0.0014636265113949776,0.7526666666666667,0.7599406610425495,0.759,0.7582454696551614,0.7493333333333333,0.754278614704844,0.6843333333333333,0.6808800710803364,0.7483333333333333,0.7537648578178368,0.7606666666666667,0.7610180847974792,0.74,0.7439924681665894,0.6846666666666666,0.682829238545091,0.6626666666666666,0.6311805402332796,0.6816666666666666,0.6497645556317827,0.652,0.6313332760153839,0.682,0.6425341125728257,0.6606666666666666,0.6026262793331808,0.702,0.6674714319871877,0.6796666666666666,0.6571216389564897,0.6806666666666666,0.639383901009312,0.7063333333333334,0.6962228917047902,0.7403333333333333,0.7324929689536431,0.702,0.6931217341249032,0.6916666666666667,0.6741642000417908,0.6623333333333333,0.6116567549451647,0.695,0.6661741196479652,0.6186666666666667,0.5776604428407802,0.6866666666666666,0.6513779393722136,0.6696666666666666,0.6610560864117332,0.6893333333333334,0.6854430968740689,0.662,0.6553231399470403,0.5876666666666667,0.5747376479327428,0.6623333333333333,0.6304721614138197,0.708,0.6845943653804868,0.6513333333333333,0.6365842041456163,0.6906666666666667,0.6594478523937998,0.567,0.5463488127207617,0.66,0.6436267346338059,0.598,0.5793479653715194,0.6763333333333333,0.6521324868791553,0.69,0.6859342474192801,0.7423333333333333,0.7353405806767151,0.7026666666666667,0.6971383790435528,0.692,0.6854588462344636,0.6782,0.6677203834075515,0.7138333333333333,0.7020474076024871,0.6755666666666666,0.6674127803239638,0.6756666666666666,0.6572781168258811,0.6256666666666667,0.6624237177916004,0.578,0.7394577311986287,0.6056666666666667,0.6850182809295255,0.5683333333333334,0.7507540403473851,0.5944166666666667,0.709413442566785,0.698,0.6991726825638529,0.7303333333333333,0.7228552869269057,0.6796666666666666,0.677954899967942,0.6926666666666667,0.6823715089237613,0.0,1.0,0.0,1.0,0.0,1.0,0.0,1.0,0.0,1.0,0.6955885945956155,0.6736146720399709,0.0006151241959742038,0.008474162845949953
A,non-iid,fedavg,42,6,5,32,0.001,0.0001,Adam,StepLR,10,0.5,0.0012026638723909855,0.024121450260281563,0.012853493337829909,0.0008191989036276937,0.017288120463490486,0.012139510362098614,4.188386446912773e-05,0.003058132715523243,0.00025833320648719867,3.8420013879658654e-05,0.0038249960634857416,0.0019526369869709015,0.7703333333333333,0.7760587499100735,0.778,0.7781077330033249,0.778,0.7824899898876428,0.6906666666666667,0.6909927961685912,0.766,0.7697541394882105,0.778,0.7777135595614899,0.7716666666666666,0.775172901217054,0.694,0.6942865944678154,0.6583333333333333,0.6236591168776137,0.6853333333333333,0.657544564988341,0.6693333333333333,0.6496428595383414,0.6856666666666666,0.665658226418851,0.6813333333333333,0.6484116407803281,0.7496666666666667,0.723108873455541,0.686,0.6594908466653887,0.6816666666666666,0.649769939183139,0.716,0.7029541011644574,0.7626666666666667,0.7530303607290302,0.717,0.7084780440330297,0.6926666666666667,0.6807116258788174,0.6496666666666666,0.6147077151604526,0.7066666666666667,0.6786619926898244,0.5963333333333334,0.5542012971072623,0.6746666666666666,0.6363931209151238,0.6713333333333333,0.6629366177144239,0.6983333333333334,0.6951277627709259,0.684,0.6784823985129114,0.613,0.6037426730830782,0.6503333333333333,0.6176386690673676,0.711,0.6749839660529983,0.6343333333333333,0.6126205002823716,0.6796666666666666,0.6488976097534483,0.5766666666666667,0.5570468162351389,0.6713333333333333,0.6518876301429356,0.5983333333333334,0.5785818576349875,0.6493333333333333,0.6266458359619608,0.7026666666666667,0.697196397850356,0.7633333333333333,0.7560029383865025,0.7116666666666667,0.7051238561131496,0.693,0.6909047355997324,0.6842666666666667,0.6738336763613276,0.7304333333333334,0.7189290020724305,0.6846666666666666,0.6759536643199048,0.6754333333333333,0.6620624060282732,0.6163333333333333,0.6797281048297432,0.5713333333333334,0.7287367894837047,0.6073333333333333,0.6647932705796955,0.576,0.7510255055521479,0.59275,0.7060709176113229,0.7626666666666667,0.7653628814733132,0.7703333333333333,0.7649723571633421,0.7783333333333333,0.7832282406336418,0.679,0.6707078597285099,0.0,1.0,0.0,1.0,0.0,1.0,0.0,1.0,0.0,1.0,0.7460678347497017,0.682694687195484,0.0005255416635918664,0.006800993473346656
A,non-iid,fedavg,42,6,10,32,0.001,0.0001,Adam,StepLR,10,0.5,0.0009257952333427966,0.020517580211162567,0.00664973034709692,0.0005040470859967172,0.014041006565093994,0.006935103681559365,4.003244612249546e-05,0.0029197412077337503,0.0003819285333156586,4.451501808944158e-05,0.003863714635372162,0.0014554774388670921,0.7813333333333333,0.786018252302522,0.7596666666666667,0.7598281629825329,0.795,0.7983230625669463,0.682,0.684745399526803,0.7723333333333333,0.7750695388834786,0.7576666666666667,0.7574432636160032,0.795,0.7975893084159177,0.6806666666666666,0.682176564237473,0.6853333333333333,0.6627438749607126,0.6643333333333333,0.6398708833576489,0.6543333333333333,0.6306354752530239,0.6743333333333333,0.6538412821663157,0.69,0.6667890468496079,0.714,0.6862986106749801,0.666,0.6541109015218954,0.6766666666666666,0.6627883757212696,0.723,0.7140377869858138,0.7293333333333333,0.7174164567040378,0.7146666666666667,0.7063734146482391,0.675,0.6643085289947933,0.639,0.6073837672061287,0.6923333333333334,0.6761140280806398,0.5626666666666666,0.5246642790944769,0.676,0.6555920483687526,0.6973333333333334,0.6942522870784598,0.7006666666666667,0.6962939954087556,0.6976666666666667,0.693062692683315,0.6193333333333333,0.6099242473274078,0.647,0.6193382529870662,0.681,0.6497192115486835,0.6266666666666667,0.6077220014679925,0.6696666666666666,0.6408664499030472,0.587,0.5678436566044051,0.6463333333333333,0.6268736971554406,0.6106666666666667,0.5933591813903274,0.638,0.6117923443483716,0.7086666666666667,0.7020364883089375,0.7426666666666667,0.7366218692464187,0.7113333333333334,0.704471718875452,0.681,0.6792281365056011,0.6931,0.6847780143376397,0.7088,0.6976890934559462,0.6834,0.6759059428997891,0.6672666666666667,0.6569255458836696,0.6113333333333333,0.6912057051076577,0.5793333333333334,0.7196727495856462,0.601,0.6566246766134668,0.5696666666666667,0.7651225507922658,0.5903333333333333,0.7081564205247591,0.7673333333333333,0.767584582134789,0.753,0.7478995033378917,0.772,0.771077904113243,0.674,0.6713417324914501,0.0,1.0,0.0,1.0,0.0,1.0,0.0,1.0,0.0,1.0,0.7394759305193435,0.6788246491442612,0.0003785974458878627,0.0038555600002097594
A,non-iid,fedavg,42,6,15,32,0.001,0.0001,Adam,StepLR,10,0.5,0.0011987300822511315,0.023516817018389702,0.010509671434760094,0.000729320221580565,0.01723913475871086,0.009286927675207455,8.249068923760206e-05,0.003974979277700186,0.0011971176244939365,3.67944739991799e-05,0.0035786202643066645,0.0011655455455183983,0.765,0.7706019903258127,0.7256666666666667,0.7277709165796944,0.74,0.7436492673961826,0.642,0.643505113808413,0.7606666666666667,0.7652600852808042,0.7256666666666667,0.7251548470296773,0.7283333333333334,0.7301870116417843,0.6403333333333333,0.6386099624326428,0.6813333333333333,0.6586126721616962,0.6573333333333333,0.6358187999605004,0.6583333333333333,0.6346535335997819,0.6386666666666667,0.6293695187605391,0.6636666666666666,0.6287062908282081,0.6856666666666666,0.6641544655368407,0.6393333333333333,0.6232451014400372,0.643,0.6304807755582278,0.7303333333333333,0.7232579003406868,0.7083333333333334,0.6971602515963582,0.691,0.6832634463302488,0.6446666666666667,0.6348870366583,0.6846666666666666,0.6556853980793433,0.671,0.6520052916485869,0.6026666666666667,0.5736913283708738,0.639,0.6135850071075909,0.6873333333333334,0.6833067924673992,0.6813333333333333,0.6775122450612097,0.6783333333333333,0.6736485838444013,0.6016666666666667,0.5971038164418303,0.6743333333333333,0.6499180657704217,0.679,0.6497639548142131,0.6263333333333333,0.6096127273000854,0.6296666666666667,0.5997391519941232,0.5673333333333334,0.545581882978746,0.6453333333333333,0.6269407263480146,0.6126666666666667,0.5981784356272409,0.6026666666666667,0.5737478081883373,0.7073333333333334,0.7031065540138618,0.709,0.7007416660647833,0.682,0.6760861613100732,0.645,0.6416841637599505,0.6922,0.6846188669004354,0.6888333333333333,0.6782419396498577,0.6659,0.6583611781807347,0.6326666666666667,0.6230716708217345,0.6126666666666667,0.6918142768381683,0.543,0.7517468530142869,0.603,0.6866995707161294,0.57,0.7581632165988933,0.5821666666666667,0.7221059792918695,0.7626666666666667,0.7620209545231127,0.6956666666666667,0.686718738146214,0.6966666666666667,0.6927468795034772,0.6186666666666667,0.6091524262813998,0.0,1.0,0.0,1.0,0.0,1.0,0.0,1.0,0.0,1.0,0.6876597496135509,0.6610734138881906,0.0005118338667671196,0.0055398155699949705
A,non-iid,fedavg,42,10,1,32,0.001,0.0001,Adam,StepLR,10,0.5,0.0024274338502436876,0.03600550815463066,0.028094788634528717,0.0012771623441949487,0.024598484858870506,0.01802180642820895,0.0001669420162215829,0.006075653713196516,0.004125184897954265,0.00018110412929672748,0.007688811048865318,0.005978619013912976,0.741,0.745837395839758,0.738,0.7381004318421658,0.6793333333333333,0.686833701447306,0.62,0.6208133409177443,0.737,0.7390703004950928,0.7323333333333333,0.7323054914896575,0.678,0.6830260576863884,0.6233333333333333,0.6209528737535192,0.6746666666666666,0.6482502984618054,0.666,0.6362987185950028,0.611,0.5819885056236653,0.6216666666666667,0.5974751143646692,0.6696666666666666,0.6549567511636315,0.7053333333333334,0.6864063565648806,0.6083333333333333,0.5803195287429753,0.626,0.5975388494297339,0.7113333333333334,0.7002146862641876,0.7166666666666667,0.707742909529931,0.656,0.6489237397092769,0.6303333333333333,0.6178494342844095,0.6743333333333333,0.6476416244013489,0.6943333333333334,0.6730342729621938,0.6246666666666667,0.6146639038992564,0.6243333333333333,0.5953244104062841,0.669,0.662248837048509,0.6813333333333333,0.6751873613825577,0.6276666666666667,0.6197274377434178,0.5606666666666666,0.5486013950764962,0.652,0.6231052738323922,0.6763333333333333,0.6492334834379293,0.6026666666666667,0.5702964953852051,0.627,0.5986997468319885,0.6043333333333333,0.5877050044989569,0.6316666666666667,0.6133806050411802,0.5723333333333334,0.5506398545125831,0.605,0.5835483272660756,0.6946666666666667,0.6871195628530513,0.715,0.7073516740361278,0.637,0.6315534798384894,0.6263333333333333,0.6173100923349346,0.6828,0.6741178998940166,0.6957,0.6850339627253331,0.6297,0.6221811927110723,0.6164666666666667,0.6021358620725654,0.6073333333333333,0.7184370018975211,0.5846666666666667,0.7524898460785577,0.612,0.6825652625619211,0.551,0.7704201729305368,0.58875,0.7309780708671342,0.6716666666666666,0.6651366555070231,0.64,0.6231361397045933,0.6113333333333333,0.6017086936384337,0.6076666666666667,0.5845456707207622,0.0,1.0,0.0,1.0,0.0,1.0,0.0,1.0,0.0,1.0,0.6186317898927031,0.6458672293507468,0.0010131605849892367,0.014055099743651225
A,non-iid,fedavg,42,10,3,32,0.001,0.0001,Adam,StepLR,10,0.5,0.0016747490735724568,0.030183929949998856,0.023507806579271952,0.0006544319912791252,0.016595009714365005,0.010879016840209565,6.871039659017697e-05,0.004299469292163849,0.0028035793812014164,3.7521433114307e-05,0.0036807276774197817,0.0017501851543784142,0.775,0.7811361622843206,0.7596666666666667,0.7605994450722281,0.7593333333333333,0.7631868528378588,0.71,0.7078793789517892,0.7646666666666667,0.7683802524744756,0.7483333333333333,0.747659350795013,0.754,0.7569587742660332,0.7116666666666667,0.7087394359094188,0.676,0.6402820171704215,0.67,0.6370946345443941,0.671,0.6506555534549662,0.6996666666666667,0.6639084459827508,0.6783333333333333,0.6278358259713664,0.7113333333333334,0.6739268790005148,0.6826666666666666,0.6656573131002842,0.6916666666666667,0.6418252698853287,0.7263333333333334,0.7164322352285976,0.7266666666666667,0.714873813236514,0.701,0.6915674673862927,0.7173333333333334,0.7003693656657298,0.689,0.660405215580129,0.6953333333333334,0.6562913678745705,0.558,0.49456838616983295,0.6843333333333333,0.620957030813191,0.6713333333333333,0.6639240025403214,0.7026666666666667,0.6995776572267417,0.6676666666666666,0.6628609999917178,0.6163333333333333,0.6047771996920933,0.6633333333333333,0.6314507374688673,0.685,0.6457583151923699,0.6396666666666667,0.6108403784245158,0.697,0.654806306029322,0.572,0.5513082340313519,0.6493333333333333,0.6302205868596492,0.6106666666666667,0.5937278203035753,0.673,0.643696854091385,0.7046666666666667,0.699658885008585,0.7336666666666667,0.7250173177687578,0.6953333333333334,0.6879939839260275,0.7196666666666667,0.7082731453514567,0.6920666666666667,0.6818478695367571,0.7082,0.6943854265704426,0.6739333333333334,0.66435597162776,0.6920666666666667,0.6707451508979139,0.62,0.6673019473280781,0.5836666666666667,0.7189179748440637,0.615,0.6657815110209723,0.5736666666666667,0.7177534863246854,0.5980833333333333,0.6924387298794499,0.697,0.6949636516250722,0.7123333333333334,0.7051612644415918,0.6743333333333333,0.667333803181681,0.7063333333333334,0.6928246683782627,0.0,1.0,0.0,1.0,0.0,1.0,0.0,1.0,0.0,1.0,0.690070846906652,0.6778336046582184,0.0006088532236390165,0.009735146988765337
A,non-iid,fedavg,42,10,5,32,0.001,0.0001,Adam,StepLR,10,0.5,0.0010770570952445269,0.02209186740219593,0.0069309224734703705,0.0010280649876222014,0.018597163259983063,0.013625585081676642,7.7314383815974e-05,0.003852195804938674,0.0019549526367336513,3.969011231674813e-05,0.004003376699984074,0.0019835010170936584,0.7693333333333333,0.7742615819897326,0.7786666666666666,0.7797096797998514,0.762,0.7665434940354281,0.6866666666666666,0.6891360687384284,0.767,0.7704493923468322,0.775,0.7742326987081674,0.7586666666666667,0.7618206311240489,0.6816666666666666,0.6817882773837275,0.6623333333333333,0.6375627218399501,0.6696666666666666,0.6406330267211452,0.658,0.641354524314325,0.671,0.6542468616330638,0.669,0.6237721221364344,0.7293333333333333,0.7114769539153665,0.6916666666666667,0.6844620633625792,0.6673333333333333,0.6260772367747928,0.7216666666666667,0.7124746720875367,0.7456666666666667,0.7344441504418024,0.7006666666666667,0.6909570672302981,0.6813333333333333,0.6694938370423849,0.6506666666666666,0.6211455463368879,0.713,0.6968156693425857,0.564,0.5358105577512542,0.6623333333333333,0.6198429735163785,0.6816666666666666,0.6751296161675725,0.7153333333333334,0.7123411466619066,0.6786666666666666,0.6735358077770176,0.632,0.6252092382608551,0.6486666666666666,0.6204381568564575,0.69,0.6514307769438502,0.615,0.5943032108004478,0.6653333333333333,0.6292278051505965,0.6036666666666667,0.5885647011449912,0.634,0.6093415824461353,0.5916666666666667,0.5714013393544027,0.614,0.5869123118877062,0.7086666666666667,0.702874409654604,0.7503333333333333,0.7419173074814532,0.6946666666666667,0.6878568385485968,0.678,0.6734324556243779,0.6882666666666667,0.6788126591596592,0.7201,0.7091837036581051,0.6715,0.6649828549392233,0.6639666666666667,0.6503459578770989,0.6043333333333333,0.6970377398926141,0.5753333333333334,0.7349842251307676,0.6153333333333333,0.6625100062580025,0.5956666666666667,0.7344075042388348,0.5976666666666667,0.7072348688800547,0.773,0.7760156979568976,0.7583333333333333,0.753011156845761,0.757,0.7608328971942564,0.632,0.6163228844515599,0.0,1.0,0.0,1.0,0.0,1.0,0.0,1.0,0.0,1.0,0.7265456591121188,0.6758312939085216,0.0005555316447498626,0.006123740302243581
A,non-iid,fedavg,42,10,10,32,0.001,0.0001,Adam,StepLR,10,0.5,0.000985469319857657,0.021230358630418777,0.00815394516165058,0.0006162585923448205,0.015310749411582947,0.00792277079820633,5.804778265883215e-05,0.003428641241043806,0.00016539183491840959,5.001267709303647e-05,0.0040467046201229095,0.0016038294378668068,0.7796666666666666,0.7839200279902035,0.7433333333333333,0.7434048749723153,0.763,0.7668581781033311,0.6733333333333333,0.6740645443163663,0.775,0.7777031706041112,0.7376666666666667,0.7366444231900134,0.7603333333333333,0.7624224364983707,0.675,0.673894106833866,0.6746666666666666,0.6509483611766599,0.6293333333333333,0.5976122496773262,0.6316666666666667,0.6122374119162868,0.671,0.65004000325197,0.6963333333333334,0.671610630238283,0.7,0.6870840502302125,0.6226666666666667,0.6044446241464813,0.662,0.6142488323597021,0.7243333333333334,0.7166071987218942,0.703,0.690630421653233,0.7003333333333334,0.690506957612985,0.6803333333333333,0.6679622558664847,0.661,0.6422882350287887,0.6753333333333333,0.659979802658476,0.577,0.55165795740428,0.6546666666666666,0.6234734140952213,0.7033333333333334,0.700249077088114,0.6983333333333334,0.6934265447760358,0.678,0.6728334020853093,0.6106666666666667,0.6002845133131562,0.6446666666666667,0.6242728203561331,0.6576666666666666,0.6358017831237327,0.613,0.5910207374621177,0.662,0.6353041883323193,0.6113333333333333,0.5972853951590945,0.62,0.5984288919282211,0.6143333333333333,0.5973587260651354,0.628,0.6029965026127385,0.7003333333333334,0.6922729480436036,0.719,0.7119867892539399,0.69,0.6815718082877714,0.6726666666666666,0.6673227397872168,0.6970666666666666,0.6898597870574669,0.6883666666666667,0.6779441874109376,0.6650333333333334,0.6567118518968457,0.6589666666666667,0.6444628865770322,0.6,0.7052753846164792,0.5833333333333334,0.7180801954898615,0.6063333333333333,0.6577779507242923,0.5793333333333334,0.7368464410539267,0.59225,0.7044949929711399,0.7703333333333333,0.7693456391990758,0.7386666666666667,0.7308341388964993,0.7453333333333333,0.7456510490980065,0.679,0.6735418062295704,0.0,1.0,0.0,1.0,0.0,1.0,0.0,1.0,0.0,1.0,0.7298431583557881,0.6672446782355705,0.0004274470929885865,0.004461484308160531
A,non-iid,fedavg,42,10,15,32,0.001,0.0001,Adam,StepLR,10,0.5,0.0017810506979003549,0.0280697550624609,0.015082194147010645,0.0012047995114699006,0.021191254258155823,0.010901680181423823,0.0001401930203428492,0.0047984947450459,0.0007791295188168685,5.183814937481657e-05,0.004239728208631277,0.0005862480029463768,0.7536666666666667,0.7587707557819631,0.6963333333333334,0.6961850363554297,0.7306666666666667,0.7342128913557507,0.589,0.5927228301247249,0.7443333333333333,0.7491331766788476,0.6913333333333334,0.6895731849298955,0.7253333333333334,0.7266857754146575,0.5946666666666667,0.5937734665869493,0.66,0.6429591744647141,0.6486666666666666,0.6272024070874141,0.645,0.6188745493760691,0.6036666666666667,0.5878257197769473,0.637,0.6051367746583004,0.6773333333333333,0.659820423514991,0.6113333333333333,0.5774561777499695,0.6023333333333334,0.5850952073573691,0.7236666666666667,0.7207269573984467,0.6916666666666667,0.6826541630926529,0.6853333333333333,0.6761906852967687,0.6026666666666667,0.5956381345330621,0.714,0.7066982664129315,0.6773333333333333,0.6537942692685649,0.6053333333333333,0.5753556968923648,0.5943333333333334,0.5608196010224494,0.668,0.6631639906011642,0.6583333333333333,0.6548205184308133,0.67,0.665601301199757,0.564,0.556765184789726,0.6633333333333333,0.641144705735971,0.6666666666666666,0.6394221779609137,0.616,0.5943590512466953,0.6033333333333334,0.5796376005468712,0.5843333333333334,0.5679901145603425,0.646,0.6296455693187982,0.6193333333333333,0.60580794965633,0.581,0.5559082046050742,0.696,0.6937405217379456,0.689,0.6779554007100478,0.673,0.6656874601576673,0.5973333333333334,0.5943752316601403,0.6844333333333333,0.6796365705929168,0.6742666666666667,0.6631185840579822,0.6581333333333333,0.6483801350832774,0.5932333333333333,0.5830786590634355,0.6076666666666667,0.7029747787756659,0.5286666666666666,0.7679700861216079,0.588,0.6897890067992621,0.529,0.7764957729043462,0.5633333333333334,0.7343074111502206,0.7446666666666667,0.7423905443932011,0.6866666666666666,0.6744822619456811,0.707,0.70319642461285,0.5853333333333334,0.5753128654587504,0.0,1.0,0.0,1.0,0.0,1.0,0.0,1.0,0.0,1.0,0.6738455241026206,0.643553487199403,0.0007944703447719803,0.006837312962549428
A,non-iid,fedavg,42,15,1,32,0.001,0.0001,Adam,StepLR,10,0.5,0.0030577608849853277,0.039207860827445984,0.02905368096133073,0.001621124567463994,0.026333922520279884,0.018207253493368623,0.00033077463740482926,0.007252279203385115,0.004975983689228693,0.0003654506872408092,0.009996616281569004,0.007932823156472295,0.7186666666666667,0.724676032758627,0.7106666666666667,0.7118226118189507,0.652,0.6597971181511614,0.6053333333333333,0.604601186807777,0.719,0.721435937370824,0.7086666666666667,0.7085886915889764,0.6596666666666666,0.6635461079839627,0.6056666666666667,0.6041079314158194,0.6626666666666666,0.644366327783072,0.644,0.6184059679389073,0.6103333333333333,0.5881785632346629,0.6053333333333333,0.5906126548962224,0.664,0.6467850373176222,0.6896666666666667,0.6782097644210802,0.6106666666666667,0.5974408047079663,0.6063333333333333,0.5699643088382979,0.6896666666666667,0.6792632850518124,0.693,0.6826269889192137,0.6386666666666667,0.6304751651293302,0.6073333333333333,0.5977458885553263,0.6436666666666667,0.6104471229704328,0.6806666666666666,0.6666831888732062,0.5833333333333334,0.5634552590631868,0.6013333333333334,0.5735944584924303,0.668,0.6629902344844966,0.6763333333333333,0.6713800252548694,0.6166666666666667,0.6107656119558045,0.5553333333333333,0.5453977567235876,0.636,0.6074648081697781,0.663,0.6385525866248122,0.6063333333333333,0.5827029726532631,0.6026666666666667,0.5842878785955646,0.596,0.5794858454122436,0.6193333333333333,0.600762561997124,0.5823333333333334,0.5667303869951945,0.5893333333333334,0.5687204226762835,0.6766666666666666,0.6699441452379947,0.7,0.6932381813964322,0.6336666666666667,0.6292918572567537,0.6023333333333334,0.5991946941063445,0.6674333333333333,0.6595379634634352,0.6785333333333333,0.6694595573590222,0.6193666666666666,0.6127600594836112,0.5981,0.5864230334393542,0.6043333333333333,0.7252326401977439,0.57,0.7632395914263963,0.5913333333333334,0.6993970341367092,0.5546666666666666,0.7741424544317637,0.5800833333333333,0.7405029300481533,0.6676666666666666,0.6616744894304104,0.6506666666666666,0.6372485602811702,0.6253333333333333,0.6261335280449504,0.6043333333333333,0.5809765068543734,0.0,1.0,0.0,1.0,0.0,1.0,0.0,1.0,0.0,1.0,0.626508271152726,0.6320451534363557,0.00134377769427374,0.015042435325100086
A,non-iid,fedavg,42,15,3,32,0.001,0.0001,Adam,StepLR,10,0.5,0.002149209612980485,0.03492151200771332,0.030188930653035642,0.0009662614902481437,0.021148590371012688,0.017653729828695456,6.602518988074735e-05,0.004109898116439581,0.002160237135676046,4.498992711887695e-05,0.004190277308225632,0.002351277507841587,0.7913333333333333,0.7967595913773519,0.7666666666666667,0.7674864093397745,0.748,0.7532796836892052,0.702,0.7021844172613796,0.7843333333333333,0.7879145849285409,0.763,0.7620710544318935,0.7383333333333333,0.7421449247952893,0.704,0.702768266148906,0.6846666666666666,0.6529351195802838,0.693,0.6636245319547049,0.684,0.6715883851831244,0.696,0.6562253320162661,0.6656666666666666,0.6042640068046095,0.7266666666666667,0.6909530606478116,0.6756666666666666,0.6653978616284718,0.6986666666666667,0.6601157306539899,0.7356666666666667,0.7248807189708907,0.74,0.7287460248523155,0.7013333333333334,0.6941505434927385,0.7086666666666667,0.6900436744675925,0.662,0.625234542957347,0.7173333333333334,0.6948775690166267,0.5943333333333334,0.5605407505088307,0.676,0.6070644034460609,0.687,0.6809031742241944,0.713,0.7094061616723145,0.6716666666666666,0.6656571756441748,0.6176666666666667,0.606722804702115,0.6696666666666666,0.6376670816076885,0.721,0.6963849254926254,0.6466666666666666,0.6311936081351334,0.6996666666666667,0.6620414436590157,0.568,0.5470940890740658,0.651,0.632838142563423,0.5983333333333334,0.5811967411252423,0.6556666666666666,0.6232387333243326,0.708,0.70158150114538,0.7466666666666667,0.7382655090442386,0.7,0.6967631735808039,0.712,0.7027031132968725,0.6956333333333333,0.6849734370735202,0.7238333333333333,0.7124458963604049,0.6758333333333333,0.6703782778062525,0.6870333333333334,0.6667340126461934,0.6226666666666667,0.6673010352143606,0.549,0.7454015126646371,0.6213333333333333,0.6833743413183836,0.5733333333333334,0.7183720872344821,0.5915833333333333,0.7036122441079657,0.6856666666666666,0.6805761599771428,0.665,0.6500372491983935,0.6846666666666666,0.68445440906505,0.691,0.6715173536348695,0.0,1.0,0.0,1.0,0.0,1.0,0.0,1.0,0.0,1.0,0.6716462929688639,0.6836329059715928,0.0008066215550570632,0.013088543781312183
A,non-iid,fedavg,42,15,5,32,0.001,0.0001,Adam,StepLR,10,0.5,0.0012261205120012164,0.023905452340841293,0.012202344646056495,0.0009519353043287992,0.01786491833627224,0.011249017402529716,5.722344576497562e-05,0.003399429377168417,0.0002723848135210574,4.191200787317939e-05,0.003940125927329063,0.0011886749416589737,0.7723333333333333,0.777018831613283,0.7756666666666666,0.7766111588252468,0.7483333333333333,0.7528075518911203,0.6436666666666667,0.6489938020081328,0.7703333333333333,0.7733782725863575,0.7703333333333333,0.7703040591965111,0.7463333333333333,0.7494644518208079,0.65,0.6498349259062004,0.6603333333333333,0.6329538095031051,0.67,0.6411320489032847,0.6503333333333333,0.6303580507284031,0.642,0.629037425999872,0.691,0.6730598155374837,0.7303333333333333,0.7100119633426996,0.691,0.6786618824113323,0.645,0.6117469822784042,0.731,0.7217266357784092,0.7436666666666667,0.7330854662399399,0.6963333333333334,0.6855831135433271,0.65,0.6398541830801064,0.6836666666666666,0.6675417706733852,0.7236666666666667,0.6997802955606364,0.568,0.5351044878068086,0.6406666666666667,0.5828418956030726,0.6873333333333334,0.6823883381458945,0.7153333333333334,0.7129993976484267,0.6726666666666666,0.6656910274494342,0.592,0.5825105964471794,0.6486666666666666,0.6144115371647275,0.7073333333333334,0.6758764770849433,0.6183333333333333,0.5946456471225535,0.6476666666666666,0.6251797683475718,0.6063333333333333,0.5919210715665647,0.6516666666666666,0.6322360291616375,0.5956666666666667,0.5761037900337435,0.6133333333333333,0.5898983406771374,0.7213333333333334,0.7162500923774133,0.746,0.7373212402329442,0.6963333333333334,0.690235411376655,0.649,0.6429834383967217,0.6972333333333334,0.6895916331076574,0.7234,0.7124536302522869,0.6683333333333333,0.6602719107059264,0.6373333333333333,0.624563378928625,0.605,0.7089789283400781,0.5726666666666667,0.7404549284161951,0.606,0.6601716783637667,0.591,0.7357887143021989,0.5936666666666666,0.7113485623555598,0.7683333333333333,0.7690569509221005,0.7623333333333333,0.7573168009473994,0.753,0.7572218205457357,0.637,0.6305528867859898,0.0,1.0,0.0,1.0,0.0,1.0,0.0,1.0,0.0,1.0,0.7285371148003064,0.671720138248624,0.0005692978174920427,0.00622810545094156
A,non-iid,fedavg,42,15,10,32,0.001,0.0001,Adam,StepLR,10,0.5,0.0011498230742290616,0.023227162659168243,0.01071432710190614,0.000910051807295531,0.017788449302315712,0.009054805847505726,7.650007319170982e-05,0.003945394419133663,0.0009746961575001478,4.6980341721791774e-05,0.003828046377748251,0.0006565196902180712,0.761,0.7655577396929739,0.7326666666666667,0.7322438099589484,0.7113333333333334,0.714475275867181,0.6513333333333333,0.6536778369235327,0.7593333333333333,0.7622958127059151,0.728,0.7265462750197983,0.7106666666666667,0.7114639434277489,0.6543333333333333,0.6523259718965104,0.6726666666666666,0.6486530194496486,0.6286666666666667,0.594550148065573,0.629,0.6030841445163353,0.648,0.6251570694232568,0.676,0.6581436088429171,0.6806666666666666,0.6566334921361872,0.6576666666666666,0.6473712897655571,0.6413333333333333,0.5977936984151885,0.7123333333333334,0.7058210640917322,0.6953333333333334,0.6822143036160971,0.6666666666666666,0.656140968728591,0.6643333333333333,0.6516068533746786,0.6583333333333333,0.6339368314161055,0.653,0.6273574618124931,0.545,0.5131179393758446,0.6246666666666667,0.5976036492813454,0.686,0.6827196763670402,0.6926666666666667,0.6886572229413294,0.651,0.6489274136532793,0.5916666666666667,0.582140843785966,0.6533333333333333,0.6368204100776161,0.658,0.6369060123500129,0.6076666666666667,0.5879985284103663,0.6453333333333333,0.6198334559459775,0.62,0.6074839916997746,0.6353333333333333,0.6181489565063414,0.6133333333333333,0.5959720002978881,0.62,0.595024882728703,0.694,0.6860372940589606,0.705,0.6961385013761845,0.662,0.6527663241844571,0.665,0.6589716936896933,0.6893,0.6825598688210581,0.6809333333333333,0.6689171080913333,0.6454333333333333,0.6366618756282324,0.6406,0.627123865089105,0.5916666666666667,0.7244388495025487,0.5716666666666667,0.7276160040928189,0.636,0.6654487324607499,0.5896666666666667,0.7101907836222485,0.59725,0.7069235924195916,0.7433333333333333,0.7406054325505096,0.7226666666666667,0.7132915059566227,0.669,0.6674547081591227,0.6576666666666666,0.6510162564043034,0.0,1.0,0.0,1.0,0.0,1.0,0.0,1.0,0.0,1.0,0.6930919757676396,0.6538156794074321,0.0005458388241095236,0.005350087199282522
A,non-iid,fedavg,42,15,15,32,0.001,0.0001,Adam,StepLR,10,0.5,0.0021700351499021053,0.031093159690499306,0.017156036208073294,0.0018255958566442132,0.02460848167538643,0.013827229797840119,0.00016379417502321303,0.005052976310253143,0.00059417993016541,5.9414596762508154e-05,0.004521331749856472,0.0012411931529641151,0.72,0.7247320728759309,0.6903333333333334,0.6912306131793707,0.725,0.7284705389706273,0.5556666666666666,0.558789387525832,0.7183333333333334,0.7215926630191197,0.6893333333333334,0.6878419348264547,0.7186666666666667,0.7205054999401038,0.5563333333333333,0.5564183184947651,0.674,0.6655344812613956,0.6283333333333333,0.6040191345027227,0.6466666666666666,0.6291015859101318,0.566,0.5496193562197883,0.6606666666666666,0.6465534303866618,0.6363333333333333,0.6034408571429116,0.6463333333333333,0.6186720650002999,0.5643333333333334,0.5466238066729266,0.6963333333333334,0.6930643440543539,0.6763333333333333,0.666089644132037,0.6863333333333334,0.6774538369042631,0.5573333333333333,0.5503202925054832,0.6713333333333333,0.665053402131038,0.6533333333333333,0.6287243805051547,0.6176666666666667,0.5942538825175788,0.5673333333333334,0.5217544044818775,0.6553333333333333,0.6505543101278877,0.6516666666666666,0.6479275794932263,0.671,0.6660064807940648,0.541,0.5359428245055935,0.6623333333333333,0.6445256717566196,0.6563333333333333,0.6386769596230925,0.6113333333333333,0.5889134643940642,0.5626666666666666,0.5433815169407045,0.5863333333333334,0.5724723834618711,0.638,0.6227549429062913,0.595,0.5791598965873973,0.5556666666666666,0.530046630514812,0.685,0.6837166062679881,0.682,0.6756300023988704,0.668,0.6615463503298206,0.5553333333333333,0.5535598280542534,0.6729666666666667,0.6694301932252674,0.6602,0.6491506580058942,0.6586,0.6500296835970024,0.5581666666666667,0.5477496277955747,0.599,0.7392393690852894,0.5286666666666666,0.7595966170798969,0.5943333333333334,0.7058776826931447,0.546,0.7639300941431583,0.567,0.7421609407503723,0.7083333333333334,0.7062318683835459,0.6786666666666666,0.6657056459214913,0.6953333333333334,0.6914546317185876,0.5426666666666666,0.5317215553159881,0.0,1.0,0.0,1.0,0.0,1.0,0.0,1.0,0.0,1.0,0.6487784253349032,0.6290900406559347,0.00105470994458301,0.008204659772260734
A,non-iid,fedavg,42,20,1,32,0.001,0.0001,Adam,StepLR,10,0.5,0.003168336348608136,0.038956597447395325,0.025345101378858093,0.00206121988594532,0.028915178030729294,0.019475370972106852,0.000701715936884284,0.009309684857726097,0.0068016218406458705,0.0005987728945910931,0.011819417588412762,0.009726742239203303,0.714,0.7187131457181208,0.6973333333333334,0.6998320520407737,0.663,0.6699684818000021,0.5893333333333334,0.5919754648470951,0.707,0.7081005429343613,0.6893333333333334,0.6903737322297275,0.6603333333333333,0.6641392574888674,0.5926666666666667,0.5920681643802305,0.655,0.634491562126516,0.655,0.6340908391661673,0.6216666666666667,0.6082507196459176,0.596,0.5732096619420094,0.667,0.6494855730970707,0.671,0.6609101191313652,0.5986666666666667,0.5828211823236648,0.5986666666666667,0.5730139624470014,0.6893333333333334,0.6797747107482834,0.6716666666666666,0.6618750336722188,0.6376666666666667,0.6312263764780389,0.5943333333333334,0.5859867109254293,0.64,0.5995527381866138,0.6583333333333333,0.6314339916101291,0.6163333333333333,0.6033398260002935,0.5926666666666667,0.5738891532763508,0.6626666666666666,0.6567195145636379,0.6526666666666666,0.6485662144043127,0.628,0.6229474311644362,0.553,0.5423319689438713,0.6543333333333333,0.6252202785312825,0.6543333333333333,0.6313538321015372,0.613,0.599228266251021,0.5986666666666667,0.5730139624470014,0.601,0.5873032944277436,0.613,0.594940590417011,0.5873333333333334,0.5732199716589361,0.5793333333333334,0.5585866955345864,0.666,0.6586857912492681,0.674,0.6661510305652291,0.632,0.6268167092914144,0.5906666666666667,0.5854249639466652,0.6656333333333333,0.6564619936890789,0.6636666666666666,0.6545872520193005,0.6258,0.6206711941019213,0.5885333333333334,0.577583581364304,0.5896666666666667,0.7347733001695574,0.5586666666666666,0.7647728726966868,0.5856666666666667,0.7238989068740562,0.5203333333333333,0.783049238210487,0.5635833333333333,0.7516235794876969,0.6853333333333333,0.6797210480880963,0.6546666666666666,0.6417828966600617,0.6543333333333333,0.6587695056508872,0.5933333333333334,0.5633467237656027,0.0,1.0,0.0,1.0,0.0,1.0,0.0,1.0,0.0,1.0,0.635905043541162,0.6273260052936511,0.0016325112665072083,0.015337209107703531
A,non-iid,fedavg,42,20,3,32,0.001,0.0001,Adam,StepLR,10,0.5,0.002226278418675065,0.03516456484794617,0.030218386525909108,0.001073799910955131,0.02229146659374237,0.018094877122590936,7.476085011148825e-05,0.0043831379152834415,0.00230688900159051,5.810458605992608e-05,0.0050644828006625175,0.003535323776304722,0.7863333333333333,0.7918227051406713,0.746,0.7489410038463241,0.7376666666666667,0.7429648137645986,0.6756666666666666,0.677199100658262,0.7816666666666666,0.7854345566784556,0.7386666666666667,0.737961569523213,0.7276666666666667,0.7312619141617697,0.6763333333333333,0.6732047202209023,0.6813333333333333,0.6570510780775094,0.655,0.6159708349079632,0.651,0.6264273646537659,0.6743333333333333,0.6404838443315266,0.7053333333333334,0.6785324820958589,0.7393333333333333,0.7253273871741385,0.6723333333333333,0.6474706256410848,0.6693333333333333,0.6239603298054345,0.7363333333333333,0.7275883845326993,0.7216666666666667,0.7095399938011456,0.6873333333333334,0.6800383461707504,0.6783333333333333,0.6643818187444356,0.68,0.6491359148536698,0.6916666666666667,0.6573990050528394,0.586,0.5515450643001837,0.6646666666666666,0.6145665549885746,0.682,0.6763535788908355,0.6986666666666667,0.6945720103246676,0.6726666666666666,0.6676835629380559,0.5996666666666667,0.58854966648388,0.6706666666666666,0.6388141090123035,0.7083333333333334,0.6883081860713491,0.6203333333333333,0.5995678934675935,0.6736666666666666,0.6380288037793557,0.57,0.5473846753095256,0.6226666666666667,0.5990058893172633,0.6053333333333333,0.5888386922449954,0.6466666666666666,0.613126524107491,0.714,0.7087472910158517,0.7296666666666667,0.7206188372019188,0.6886666666666666,0.684209519320259,0.6753333333333333,0.6686268759703294,0.7007666666666666,0.6924773550231967,0.7051666666666667,0.6939419660517272,0.6649,0.6569376999349671,0.6634,0.6447014737233043,0.612,0.6811889393600795,0.5796666666666667,0.726137072718414,0.5996666666666667,0.6707656257401181,0.5656666666666667,0.7259224957482926,0.5892499999999999,0.7010035333917262,0.699,0.694796992669333,0.654,0.638064653063349,0.6576666666666666,0.6521095473408344,0.638,0.6054537382150622,0.0,1.0,0.0,1.0,0.0,1.0,0.0,1.0,0.0,1.0,0.6476062328221447,0.6720146236832989,0.0008582359414504026,0.013538869106598819
A,non-iid,fedavg,42,20,5,32,0.001,0.0001,Adam,StepLR,10,0.5,0.001311681466177106,0.02494795061647892,0.012266765716175238,0.0011250083334743977,0.01932777464389801,0.01224204708635807,7.09381711203605e-05,0.00384072819724679,0.0011061133009692033,5.426982170320116e-05,0.004394616466015577,0.0013532722368836403,0.775,0.7797850786053268,0.7623333333333333,0.7636233169308692,0.7366666666666667,0.741622424007382,0.6166666666666667,0.620336219827126,0.77,0.7731795227051395,0.7616666666666667,0.7616895682933419,0.735,0.7382344979591128,0.6253333333333333,0.6273151372603688,0.6733333333333333,0.6498764118382412,0.671,0.6428370838490742,0.6286666666666667,0.6024896316329332,0.633,0.6178108552715768,0.6946666666666667,0.67527943775482,0.7183333333333334,0.7005383301677156,0.6793333333333333,0.663416223710933,0.633,0.6133926447871697,0.7326666666666667,0.726681726012017,0.732,0.7204794924432626,0.6906666666666667,0.680610517791627,0.628,0.6211170136074061,0.6753333333333333,0.6437937356455166,0.723,0.7059735109905875,0.591,0.5689729635377341,0.6246666666666667,0.5680005274974892,0.6856666666666666,0.6812181012425107,0.7093333333333334,0.7065255663453088,0.6796666666666666,0.6737768082607266,0.5726666666666667,0.5628580537819187,0.6713333333333333,0.6448084071213911,0.687,0.6514766398928669,0.6216666666666667,0.5974480768603033,0.6266666666666667,0.6024613845091776,0.6033333333333334,0.588586158548698,0.6413333333333333,0.6191097433739271,0.6,0.5821763314774429,0.6126666666666667,0.5873734276112798,0.7066666666666667,0.7004429221238361,0.7343333333333333,0.7242273260929787,0.688,0.6816242843666646,0.6296666666666667,0.6274329848638107,0.6988,0.6914423496983546,0.7140333333333333,0.7030051638344635,0.6650666666666667,0.6572117839454185,0.6202333333333333,0.6086291567383201,0.616,0.7127867966482958,0.5636666666666666,0.7467991667957625,0.6023333333333334,0.6773415503536677,0.5716666666666667,0.742405017316736,0.5884166666666667,0.7198331327786156,0.7683333333333333,0.7696392191952312,0.7463333333333333,0.7396345950295872,0.7393333333333333,0.7430396938364133,0.6313333333333333,0.6233895984157379,0.0,1.0,0.0,1.0,0.0,1.0,0.0,1.0,0.0,1.0,0.7189257766192424,0.6650721135541392,0.0006404744481187663,0.006742049585096538
A,non-iid,fedavg,42,20,10,32,0.001,0.0001,Adam,StepLR,10,0.5,0.0013095187023282051,0.024975087493658066,0.012500719969471295,0.0012851703213527799,0.020478390157222748,0.010895187493413686,0.00010548678983468562,0.004324717912822962,0.001119104160927236,5.721248089685105e-05,0.0042002336122095585,0.0009949629440282781,0.7366666666666667,0.7416766230257735,0.7173333333333334,0.7177163665677279,0.6863333333333334,0.6890935151804717,0.6363333333333333,0.6367631008050173,0.7383333333333333,0.7410232252082153,0.712,0.7108028032896891,0.6823333333333333,0.683540445249862,0.643,0.6398494911065429,0.6636666666666666,0.6390667529022348,0.6376666666666667,0.6097111584695948,0.606,0.5739817691795362,0.627,0.6026207572035421,0.6633333333333333,0.641938327645289,0.6686666666666666,0.6428195068480017,0.6313333333333333,0.6140217972982298,0.6363333333333333,0.6086177983439051,0.7123333333333334,0.7063914343470415,0.682,0.6694632839292073,0.6476666666666666,0.636445871452029,0.6463333333333333,0.633545517040737,0.6466666666666666,0.5997086857637811,0.6523333333333333,0.6306834100563733,0.5756666666666667,0.5443426133407303,0.6123333333333333,0.5899276123259929,0.6826666666666666,0.6795426514890429,0.6833333333333333,0.6797402623748834,0.6403333333333333,0.639801950543732,0.5813333333333334,0.5740171025273009,0.644,0.6262472965979314,0.6483333333333333,0.6229959741626875,0.6036666666666667,0.5820542475597658,0.6343333333333333,0.6137598221480789,0.61,0.5957817337461301,0.638,0.6225211190072407,0.6063333333333333,0.5884227285258151,0.6113333333333333,0.5905160913002562,0.6853333333333333,0.6800600075066572,0.698,0.6904099109771075,0.64,0.6288316179868985,0.643,0.6377857060945286,0.6783,0.6700303575346508,0.6737666666666666,0.6624835137168826,0.6319666666666667,0.6213192292631006,0.6271333333333333,0.6151553632134411,0.5766666666666667,0.7142491475668384,0.5626666666666666,0.7441372849715512,0.5836666666666667,0.6992081679363423,0.5586666666666666,0.7306418410385188,0.5704166666666666,0.7220591103783126,0.7186666666666667,0.7162965085331213,0.716,0.7058227400909773,0.6466666666666666,0.6457666009723636,0.6456666666666667,0.6371709722919205,0.0,1.0,0.0,1.0,0.0,1.0,0.0,1.0,0.0,1.0,0.6762642054720956,0.6422471159320188,0.0006893470736031304,0.006377493641960124
A,non-iid,fedavg,42,20,15,32,0.001,0.0001,Adam,StepLR,10,0.5,0.0023373491130769253,0.032882023602724075,0.018533071932693324,0.002171357162296772,0.026368960738182068,0.015003220130999882,0.00020465512352529913,0.0053904857486486435,0.0009424917418509722,8.241477917181328e-05,0.005146977491676807,0.00034723242092877626,0.7043333333333334,0.709118037780871,0.6783333333333333,0.6799271609867032,0.7073333333333334,0.709491267675325,0.5356666666666666,0.5362395888699448,0.6906666666666667,0.6937790997724287,0.6783333333333333,0.6781339432247148,0.7043333333333334,0.7067754561216636,0.542,0.5394409153909591,0.6513333333333333,0.6386222820602203,0.6233333333333333,0.5973439889719713,0.6376666666666667,0.6101517992015818,0.556,0.5289383033585048,0.6563333333333333,0.6446012426500488,0.636,0.6059485064127754,0.6366666666666667,0.6097007096424352,0.5443333333333333,0.5354184345993337,0.676,0.6721885500943025,0.6623333333333333,0.6517145782103363,0.672,0.6629631112534701,0.545,0.5369978943930551,0.628,0.6138493819411911,0.6306666666666667,0.5959663917922814,0.6193333333333333,0.6014582583874377,0.5366666666666666,0.5039590804017108,0.6533333333333333,0.6510879134532082,0.6516666666666666,0.6485599686455684,0.662,0.6557174635625068,0.5226666666666666,0.5173869137969439,0.652,0.6333392642139225,0.6516666666666666,0.63524590888763,0.624,0.6013604948318405,0.548,0.5339161673154081,0.5856666666666667,0.5734107569760035,0.6276666666666667,0.6120698839414885,0.582,0.564329464502726,0.547,0.5289481849594672,0.6623333333333333,0.6596638441287329,0.6636666666666666,0.6567593552170091,0.658,0.6503151434769495,0.54,0.53788154867484,0.656,0.6518012921592186,0.6503666666666666,0.6392377559385839,0.6503333333333333,0.6408632057756537,0.5417333333333333,0.5325259387573861,0.6076666666666667,0.7369774302767632,0.519,0.7616909906252582,0.5983333333333334,0.709112295759316,0.549,0.7735416510483731,0.5685,0.7453305919274277,0.687,0.6846239776711265,0.6626666666666666,0.6482488148920024,0.685,0.679833798405181,0.538,0.5212848915490086,0.0,1.0,0.0,1.0,0.0,1.0,0.0,1.0,0.0,1.0,0.6334978706293296,0.6161070481577106,0.0011989440445177024,0.008706504056618238
A,non-iid,fedavg,42,50,1,32,0.001,0.0001,Adam,StepLR,10,0.5,0.011419919319450855,0.07067392766475677,0.057260658415655294,0.008702047169208527,0.05487225204706192,0.039675893866767495,0.001499547972343862,0.013131720013916492,0.009758977292881655,0.0023794909939169884,0.019969651475548744,0.017097814236767588,0.6066666666666667,0.6108284183750565,0.5863333333333334,0.5900637788231499,0.5853333333333334,0.5876509147132071,0.5293333333333333,0.5269668102370836,0.603,0.604359382568442,0.5816666666666667,0.5829162821569774,0.584,0.5865747912931015,0.531,0.5272439928374777,0.584,0.5789180077662589,0.5696666666666667,0.5358494252576623,0.573,0.5637277741128917,0.547,0.5268266644764227,0.586,0.5781104357926939,0.569,0.5571521691702718,0.563,0.5440426651891391,0.5403333333333333,0.5053012771382667,0.6046666666666667,0.5985275365503312,0.5806666666666667,0.5716688239919077,0.5783333333333334,0.5725229026026607,0.5373333333333333,0.5263517035518409,0.608,0.5917577593961393,0.579,0.5753956345032991,0.5453333333333333,0.5221369628328757,0.547,0.5290187215785326,0.6036666666666667,0.5988938459122953,0.5823333333333334,0.5789752123264026,0.577,0.5739027234330712,0.5116666666666667,0.5069022076951164,0.591,0.5706976001253268,0.5776666666666667,0.5594193296044029,0.5706666666666667,0.5592500587265757,0.5436666666666666,0.5300730506207392,0.556,0.5420545317152904,0.556,0.5392619736551323,0.5636666666666666,0.551393134202575,0.5386666666666666,0.5199775895298283,0.5913333333333334,0.58910623744342,0.577,0.5711533515183415,0.573,0.5651936523542002,0.5426666666666666,0.5304905106916132,0.5934333333333334,0.5889193028220446,0.5759333333333333,0.5689848005667004,0.5713333333333334,0.5648825345399957,0.5368666666666667,0.5250250966328328,0.522,0.7692994839693627,0.5336666666666666,0.7645213951712578,0.562,0.7442505132062252,0.49833333333333335,0.8066664393537937,0.529,0.7711844579251598,0.5993333333333334,0.5820680627571492,0.576,0.5489411442666615,0.5836666666666667,0.5826504937261449,0.549,0.5068956035178575,0.0,1.0,0.0,1.0,0.0,1.0,0.0,1.0,0.0,1.0,0.5551388260669533,0.5619529336403933,0.006000251363730058,0.030948335953018005
A,non-iid,fedavg,42,50,3,32,0.001,0.0001,Adam,StepLR,10,0.5,0.0029226469341665506,0.04076826572418213,0.034794550072401766,0.0019846512004733086,0.02887621521949768,0.023743645099302137,0.0002267930976813659,0.006793385837227106,0.0049887335334594055,0.0001406593364663422,0.007214216981083155,0.005240495145320892,0.748,0.7532632761142453,0.7163333333333334,0.7187097913169129,0.673,0.6760143461257572,0.5943333333333334,0.5965086914269674,0.7483333333333333,0.7514870103958852,0.7153333333333334,0.7141078487158895,0.671,0.6730966361585352,0.6023333333333334,0.5995190437538804,0.6656666666666666,0.6380873648240056,0.6376666666666667,0.5958640544522571,0.6196666666666667,0.6021513784487492,0.5976666666666667,0.5709824283201012,0.6713333333333333,0.6346626808841722,0.696,0.6724882712703971,0.65,0.6448310584841782,0.6053333333333333,0.5798728596882131,0.7086666666666667,0.7006729255758603,0.6846666666666666,0.6716456207604623,0.6433333333333333,0.6349677968883539,0.603,0.5903891810083222,0.6783333333333333,0.6617651847611752,0.655,0.6248367630999659,0.583,0.5601318712824092,0.599,0.562447046375533,0.6723333333333333,0.6664626943343402,0.681,0.677565690115698,0.6486666666666666,0.6444224690900944,0.5553333333333333,0.5464138084953875,0.666,0.6447893949229737,0.6723333333333333,0.6483307709943223,0.5926666666666667,0.5686033015874815,0.6006666666666667,0.552665141436098,0.5863333333333334,0.567125791256956,0.6283333333333333,0.609390617632366,0.584,0.5666869346887596,0.5846666666666667,0.5510746080912655,0.693,0.6886872130347258,0.6983333333333334,0.6913759278707219,0.6376666666666667,0.6303030760427794,0.6023333333333334,0.5948868163898777,0.6838,0.6755438464594858,0.6785,0.6664843126040068,0.6303,0.6227689611828452,0.5944666666666667,0.5786116049807143,0.5953333333333334,0.709417924527386,0.574,0.7278104892317618,0.5653333333333334,0.7216564806565,0.556,0.7320987554399114,0.5726666666666667,0.7227459124638898,0.648,0.6412541671640563,0.6343333333333333,0.6166681813038303,0.591,0.5775382422954375,0.5673333333333334,0.5251425175389325,0.0,1.0,0.0,1.0,0.0,1.0,0.0,1.0,0.0,1.0,0.5901507770755641,0.635852181306763,0.0013186876421968918,0.01719185596262105
A,non-iid,fedavg,42,50,5,32,0.001,0.0001,Adam,StepLR,10,0.5,0.0018609765684232116,0.029672496020793915,0.012337218844642242,0.0016910728299990296,0.02414398267865181,0.01224074455971519,0.00016708117618691176,0.005385294556617737,0.001741749480521927,8.300407353090122e-05,0.005197086837142706,0.0005440777167677879,0.7263333333333334,0.7313845621548251,0.7113333333333334,0.7127977561434878,0.662,0.6661649785395396,0.564,0.5659168665010242,0.7223333333333334,0.7263826815202808,0.709,0.7090011581510699,0.656,0.659116949043033,0.5673333333333334,0.5662255664079666,0.648,0.6267703878993622,0.644,0.6174389624096509,0.6073333333333333,0.5880704868602805,0.574,0.563690773802663,0.6706666666666666,0.6537314966648919,0.6853333333333333,0.6523564188971908,0.6433333333333333,0.6236748527907284,0.576,0.5625302878948565,0.695,0.6901967552250339,0.695,0.684629421147276,0.6363333333333333,0.6283728238864473,0.574,0.5690258276411994,0.6926666666666667,0.6810414037091602,0.6786666666666666,0.6467821837738378,0.533,0.49303322280323,0.581,0.5502959277570802,0.6646666666666666,0.6596067394850557,0.684,0.6820292039812381,0.62,0.6130730942504757,0.53,0.5229177165298681,0.653,0.6358309559097733,0.6696666666666666,0.6474376568436976,0.5836666666666667,0.5537703687544129,0.5753333333333334,0.5528776027947494,0.5963333333333334,0.5846654677285652,0.644,0.6274939902785133,0.5893333333333334,0.5744825026348139,0.5696666666666667,0.5526367398728412,0.674,0.6718304216268357,0.693,0.682460664608263,0.6306666666666667,0.6223666106283484,0.5726666666666667,0.5700435343491215,0.6743,0.6695430397733123,0.6814,0.6696001548833449,0.6161666666666666,0.6067342768727747,0.5684,0.5598299748374279,0.604,0.7282930242413024,0.512,0.7560674880154985,0.5946666666666667,0.6561823563852581,0.511,0.7819751018554953,0.5554166666666667,0.7306294926243886,0.7243333333333334,0.7240271354156519,0.699,0.6905804330717613,0.6606666666666666,0.6651231680497532,0.5586666666666666,0.5449519495725733,0.0,1.0,0.0,1.0,0.0,1.0,0.0,1.0,0.0,1.0,0.6561706715274349,0.6264268615917149,0.0009505336620350135,0.006715947650411787
A,non-iid,fedavg,42,50,10,32,0.001,0.0001,Adam,StepLR,10,0.5,0.0017933694180101156,0.029735872521996498,0.015052905942002932,0.0015623858198523521,0.023224009200930595,0.01348538019383947,0.00014548316539730877,0.004801920149475336,0.0013894165018573405,8.442429680144414e-05,0.0049209631979465485,0.0012157033998519183,0.7023333333333334,0.7070212763513917,0.6673333333333333,0.6677525108847577,0.6736666666666666,0.6768259763782347,0.5906666666666667,0.5942943097436809,0.693,0.6962409589911268,0.668,0.6658903917840235,0.672,0.6741156843670714,0.598,0.5947124053134246,0.647,0.6374016310828926,0.6163333333333333,0.5874052338850787,0.625,0.6070140204059086,0.5863333333333334,0.5568264006488931,0.657,0.6394279340971979,0.637,0.6228382660679386,0.6166666666666667,0.6007786214996388,0.599,0.5954050771296857,0.674,0.6686878412648695,0.663,0.6527947911240936,0.645,0.6371719383793406,0.6006666666666667,0.591309972621603,0.642,0.6216199222603457,0.6526666666666666,0.6299214940657921,0.6003333333333334,0.5793027951359194,0.579,0.5497704525098381,0.6576666666666666,0.6527628459860915,0.6413333333333333,0.6384027488379176,0.6483333333333333,0.644294351892578,0.5783333333333334,0.5737214206039217,0.631,0.6099798934198436,0.6186666666666667,0.5872088922672,0.579,0.5560512757861619,0.5946666666666667,0.5803675628047547,0.586,0.5717382296115808,0.632,0.6150614560646398,0.5756666666666667,0.5582260092902559,0.5663333333333334,0.5408627288333143,0.658,0.6513550957635075,0.662,0.6512924864731614,0.626,0.6187648014344416,0.5986666666666667,0.5948746566190741,0.6548,0.6485993005268375,0.6458333333333334,0.634099748099826,0.6261666666666666,0.6180961490482473,0.5891666666666666,0.5803016610251753,0.579,0.7468928350536688,0.5186666666666667,0.7474077765365611,0.581,0.7175117624194233,0.5343333333333333,0.748473691549741,0.55325,0.7400715163898486,0.688,0.6852062237641804,0.6543333333333333,0.6425486433597726,0.6586666666666666,0.6562911268040037,0.6026666666666667,0.5938417642963097,0.0,1.0,0.0,1.0,0.0,1.0,0.0,1.0,0.0,1.0,0.6444719395560666,0.6202742146750215,0.0008964156750153052,0.007785851509387915
A,non-iid,fedavg,42,50,15,32,0.001,0.0001,Adam,StepLR,10,0.5,0.004276701714843512,0.043263692408800125,0.029607317539552848,0.003284013131633401,0.031132593750953674,0.01996134015917778,0.0003890742955263704,0.007038642652332783,0.0021722053991009792,0.00013600780221167952,0.0064447782933712006,0.0009016453172080219,0.642,0.6481946218087805,0.639,0.6418210221381576,0.654,0.656445433124424,0.526,0.5261981360116441,0.6456666666666667,0.6478531610377143,0.6336666666666667,0.6332892448644015,0.6523333333333333,0.6544742622366259,0.5256666666666666,0.5248634966251556,0.614,0.6000422486134387,0.589,0.5678085388315021,0.6193333333333333,0.5975810539397283,0.535,0.5157346341879258,0.6396666666666667,0.6390932133567121,0.6236666666666667,0.61511242002085,0.615,0.6045865184759673,0.5366666666666666,0.5217079744525327,0.632,0.6286514257568515,0.6253333333333333,0.6175201747660047,0.6293333333333333,0.6244183468734464,0.531,0.5262299382111532,0.597,0.5855862371105663,0.6006666666666667,0.5915036668623742,0.5483333333333333,0.5259213097675398,0.5216666666666666,0.4959953815733135,0.615,0.6121250864105133,0.6156666666666667,0.613035475870602,0.6186666666666667,0.6120547553716961,0.49533333333333335,0.4896791932235636,0.6226666666666667,0.6157428470739633,0.62,0.6036973897125342,0.6086666666666667,0.594492568003976,0.5333333333333333,0.5222563087113147,0.5913333333333334,0.5811258043216806,0.5956666666666667,0.5835755549373869,0.57,0.5564014710344096,0.5246666666666666,0.4993542676669533,0.6303333333333333,0.6298603856144952,0.625,0.6150093455919056,0.6143333333333333,0.6100641373276625,0.526,0.5236107903506809,0.6229666666666667,0.6207005543500844,0.6167666666666667,0.610195352372283,0.613,0.6072084452759637,0.5255333333333333,0.5169174569970986,0.51,0.7692225818051714,0.505,0.7768286115169896,0.6113333333333333,0.7008588230396489,0.49,0.7650563670006905,0.5290833333333333,0.752991595840625,0.6286666666666667,0.6222834799050573,0.6253333333333333,0.6099160605018666,0.6506666666666666,0.6464658595580883,0.5136666666666667,0.49370380241410244,0.0,1.0,0.0,1.0,0.0,1.0,0.0,1.0,0.0,1.0,0.5930923005947787,0.5887554522488574,0.0020214492360537406,0.013160627103759908
